new_filename	original_filename	original_path_in_sattar	confidence_score	word_count	article_date	raw_date_text
ليل الاقتتال ليس قصيرا.doc	Security26.doc	folder1/Security26.doc	0.85	1120	2006-12-15	15/كانون أول/2006
بيان دعم للدكتور مصطفى البرغوثي.doc	Bayan54.doc	folder/Bayan54.doc	0.85	310	2004-12-18	18/كانون أول/2004
CIA تخوض الانتخابات الفلسطينية.doc	CIA.doc	folder1/CIA.doc	0.85	334	2006-01-21	21/ كانون ثاني/ 2006
أبو علاء أنجزت تفاوضيا.doc	abu allaa3.doc	old flash memory/New folder (4)/abu allaa3.doc	0.85	265	2008-08-20	20/آب/2008
أبو مازن يتحدى مشاعر شعب فلسطين.doc	Palestine178.doc	folder6/Palestine178.doc	0.85	192	2012-07-11	11/تموز/2012
أحمدي نجاد في حلقات التاريخ.doc	Iran24.doc	folder6/Iran24.doc	1.0	1642	2010-11-03	3/تشرين ثاني/2010
أرقصوا لعباس راح ع أميركا، إجا من.doc	Palestine216.doc	folder7/Palestine216.doc	1.0	305	2014-03-20	20/آذار/2014
أسباب الاقتتال الفلسطيني.doc	Palestine30.doc	Folder 3/Palestine30.doc	1.0	1497	2007-05-22	22/أيار/2007
أسباب تراجع حماس الانتخابي.doc	Hamas5.doc	folder/Hamas5.doc	1.0	744	2005-09-29	29/أيلول/2005
أسرلة التفكير الفلسطيني.doc	asrala.doc	D Docs/asrala.doc	1.0	349	2004-09-07	7/أيلول/2004
أعداء العرب يعقدون قمة.doc	Summit5.doc	old flash memory/New folder (4)/Summit5.doc	1.0	803	2008-03-25	25/آذار/2008
أكبر خازوق.doc	Palestine110.doc	folder5/Palestine110.doc	0.85	297	2010-04-19	19/نيسان/2010
أمراء الزعرنة.doc	zarana.doc	أ. د. عبد الستار قاسم/51/zarana.doc	0.85	804	2006-01-03	3/كانون ثاني/2006
أمريكا أمام خقار مرّ.doc	America42.doc	folder7/America42.doc	1.0	1078	2013-09-06	6/أيلول/2013
أمريكا أمام خيار مرّ.doc	America42.doc	old flash memory/New folder (8)/America42.doc	1.0	1179	2013-09-06	6/أيلول/2013
أمريكا تغتال المعارضة السورية.doc	Syria20.doc	folder6/Syria20.doc	1.0	1894	2012-03-08	8/آذار/2012
أمريكا تمهد لاستنزاف إيران والعرب.doc	America8.doc	D Docs/America8.doc	1.0	754	2004-02-21	21/شباط/2004
أمريكا ستخسر معركة لبنان.doc	Lebanon4.doc	folder/Lebanon4.doc	0.85	709	2004-01-14	14/كانون ثاني/2004
أموال السلطة الفلسطينية.doc	Palestine186.doc	folder7/Palestine186.doc	1.0	1269	2013-03-18	18/آذار/2013
أنا أنفق دفاعا عن أمن إسرائيل.doc	palestine193.doc	folder7/palestine193.doc	1.0	395	2013-05-25	25/أيار/2013
أنظمة الخيانة وأنظمة الجهالة.doc	arabs16.doc	arabs16.doc	1.0	1420	2011-06-15	15/حزيران/2011
أوروبا العملاق الجبان.doc	Europe1.doc	folder5/Europe1.doc	0.85	1577	2009-12-13	13/كانون أول/2009
أوسلو تحت أقدامنا.doc	Palestine140.doc	folder6/Palestine140.doc	0.85	259	2011-02-15	15/شباط/2011
أولويات الاتحاد الأوروبي ليست.doc	Europe4.doc	folder6/Europe4.doc	1.0	394	2011-07-18	18/تموز/2011
أي إسلام يقتل العلامة البوطي؟.doc	Islam17.doc	folder7/Islam17.doc	1.0	603	2013-03-22	22/آذار/2013
إثقال الفلسطيني بالضرائب.doc	Palestine135.doc	folder6/Palestine135.doc	0.85	568	2011-01-18	18/كانون ثاني/2011
إجراءات تسجيل الأراضي الفلسطينية.doc	palestine213.doc	folder7/palestine213.doc	1.0	546	2014-02-20	20/شباط/2014
إسرائيل تجثو.doc	Hizballah29.doc	old flash memory/New folder (4)/Hizballah29.doc	1.0	894	2008-07-17	17/تموز/2008
إسرائيل تخذل حلفاءها العرب.doc	Israel29.doc	folder4/Israel29.doc	1.0	765	2008-02-17	17/شباط/2008
إسرائيل لن تعود لقتال غزة.doc	palestine225.doc	gaza 10/palestine225.doc	1.0	1548	2014-07-12	12/تموز/2014
إضراب المضربين.doc	Palestine49.doc	Folder 3/Palestine49.doc	1.0	641	2007-09-09	9/أيلول/2007
إف 35 لإسرائيل.doc	Israel28.doc	old flash memory/New folder (4)/Israel28.doc	0.85	516	2008-10-01	1/تشرين أول/2008
إفادة حول اعتقالي جنائيا.doc	Court39.doc	folder6/Court39.doc	1.0	973	2011-06-18	18/حزيران/2011
إفساد الانتخابات الفلسطينية.doc	Elections9.doc	folder/Elections9.doc	0.85	362	2004-12-05	5/كانون أول/2004
إلغاء أوسلو ينهي الانقسام.doc	Palestine144.doc	folder6/Palestine144.doc	0.85	212	2011-02-23	23/شباط/2011
إلى الإخوة قادة حماس.doc	Hamas23.doc	Folder 3/Hamas23.doc	1.0	898	2007-08-14	14/آب/2007
إلى البروفيسور برهان غليون.doc	Syria21.doc	folder6/Syria21.doc	1.0	732	2012-03-01	1/آذار/2012
إلى الرئيس الأسد.doc	Syria11.doc	folder6/Syria11.doc	1.0	605	2011-04-22	22/نيسان/2011
إلى السيد محمود عباس.doc	Abbass12.doc	old flash memory/New folder (4)/Abbass12.doc	0.85	456	2008-01-27	27/كانون ثاني/2008
إلى القيادة السورية.doc	Syria10.doc	folder6/Syria10.doc	1.0	1265	2003-04-14	14/نيسان/2003
إلى رؤساء وأعضاء المجالس المحلية.doc	Bayan43.doc	folder/Bayan43.doc	0.85	210	2004-04-08	8/نيسان/2004
إلى سلطة الضفة بلسان فصيح.doc	Palestine43.doc	Folder 3/Palestine43.doc	1.0	703	2007-08-22	22/آب/2007
إلى سمو أمير قطر.doc	Qatar1.doc	folder6/Qatar1.doc	1.0	628	2011-04-15	15/نيسان/2011
إما الوحدة أو التنسيق مع إسرائيل.doc	Palestine130.doc	folder6/Palestine130.doc	0.85	530	2010-11-11	11/تشرين ثاني/2010
إيران تمتلك السلاح النووي.doc	Iran21.doc	folder4/Iran21.doc	1.0	615	2009-05-21	21/أيار/2009
اتركوا الفتحاويين يشاركون.doc	Palestine100.doc	folder5/Palestine100.doc	0.85	288	2009-07-30	30/تموز/2009
اتقوا الله بمشاعر الأسرى الفلسطينيين.doc	Prisoners20.doc	folder1/Prisoners20.doc	1.0	370	2007-04-17	17/نيسان/2007
احتمالات الحرب في المنطقة.doc	Iran23.doc	folder5/Iran23.doc	1.0	1366	2010-08-27	27/آب/2010
احمرار المسّ بحزب الله.doc	Hizballah27.doc	old flash memory/New folder (4)/Hizballah27.doc	1.0	615	2008-05-06	6/أيار/2008
اختباء محامي فلسطين.doc	Palestine64.doc	old flash memory/New folder (4)/Palestine64.doc	1.0	380	2008-07-06	6/تموز/2008
اختبار الخيانة.doc	Arafat8.doc	D Docs/Arafat8.doc	1.0	2268	2005-02-09	9/شباط/2005
استراتيجية المقاومة الفلسطينية.doc	Resistancs25.doc	folder7/Resistancs25.doc	1.0	1246	2014-08-08	8/آب/2014
استقالة رئيس الوزراء والبنك الدولي.doc	Palestine196.doc	folder7/Palestine196.doc	1.0	400	2013-06-21	21/حزيران/2013
اعتقلوني جنائيا.doc	Court6.doc	folder4/Court6.doc	1.0	402	2009-05-15	15/أيار/2009
الأحرار يصنعون الخبز يا عباس.doc	Abbass11.doc	folder1/Abbass11.doc	0.85	781	2006-10-17	17/تشرين أول/2006
الأخوة في الأجهزة الأمنية.doc	Palestine68.doc	old flash memory/New folder (4)/Palestine68.doc	1.0	1589	2008-08-18	18/آب/2008
الأرضية الأخلاقية للتقدم.doc	Ethics5.doc	folder1/Ethics5.doc	0.85	611	2006-01-14	14/كانون ثاني/2006
الأزمة السورية تتخطى مشكلة النظام.doc	Syria30.doc	folder7/Syria30.doc	1.0	968	2014-02-18	18/شباط/2014
الأقصى ضحية خياناتنا.doc	Palestine202.doc	folder7/Palestine202.doc	1.0	367	2013-09-24	24/أيلول/2013
الأمم المتحدة.doc	UN12.doc	folder/UN12.doc	0.85	743	2005-11-07	7/تشرين ثاني/2005
الإبعاد والتلاعب بالرأي العام.doc	Bayan24.doc	D Docs/Bayan24.doc	0.85	266	2003-09-14	14/أيلول/2003
الإخوان المسلمون والوضع في سوريا.doc	Islam19.doc	folder7/Islam19.doc	1.0	304	2013-05-27	27/أيار/2013
الإرادة الشعبية ضمان الحقوق العربية.doc	Arabs17.doc	folder6/Arabs17.doc	1.0	1379	2011-09-18	18/أيلول/2011
الإفساد بين الأردنيين والفلسطينيين.doc	Jordan3.doc	folder1/Jordan3.doc	0.85	697	2006-01-07	7/كانون ثاني/2006
الاستيطان والكذب على شعب فلسطين.doc	Palestine197.doc	folder7/Palestine197.doc	1.0	1400	2013-07-10	10/تموز/2013
الاعتداءات الأمريكية على الثورات.doc	America37.doc	folder6/America37.doc	1.0	1757	2011-06-19	19/حزيران/2011
الاعتراف بإسرائيل خيانة عظمى.doc	Treason1.doc	folder1/Treason1.doc	1.0	772	2006-05-28	28/أيار/2006
الاعتقالات السياسية لدى السلطة.doc	Prisoners25.doc	old flash memory/New folder (4)/Prisoners25.doc	1.0	1677	2008-09-28	28/أيلول/2008
الانتخابات أم إلغاء التنسيق الأمني؟.doc	Palestine139.doc	folder6/Palestine139.doc	1.0	309	2011-02-13	13/شباط/2011
البحث العلمي أمام القضاء.doc	Court26.doc	folder7/Court26.doc	0.85	260	2013-05-18	18/أيار/2013
البحرين عربية.doc	Bahrain1.doc	folder4/Bahrain1.doc	1.0	378	2009-02-20	20/شباط/2009
التخلص من الدعم الغربي.doc	Aid1.doc	folder1/Aid1.doc	1.0	755	2006-02-05	5/شباط/2006
التدخل الإسرائيلي في الانتخابات.doc	Elections21.doc	folder/Elections21.doc	0.85	699	2005-09-29	29/أيلول/2005
التشكيك بالثورات العربية.doc	Arabs10.doc	Arabs10.doc	1.0	1808	2011-03-23	23/آذار/2011
التطاول على أساتذة الجامعات د. أيوب.doc	University52.doc	folder7/University52.doc	0.85	611	2012-12-20	20/كانون أول/2012
التطاول على حزب الله.doc	Hizballah40.doc	folder6/Hizballah40.doc	1.0	1940	2012-06-02	2/حزيران/2012
التطاول على فضيلة القرضاوي.doc	qardawi.doc	folder5/qardawi.doc	0.85	383	2010-01-15	15/كانون ثاني/2010
التطوير الزراعي وتحرير الإرادة.doc	Agriculture2.doc	folder6/Agriculture2.doc	0.85	1586	2011-11-17	17 تشرين ثاني 2011
التغيير يبدأ بالأجهزة الأمنية.doc	arabs12.doc	folder6/arabs12.doc	1.0	695	2011-04-18	18/نيسان/2011
التلاعب بالدين الإسلامي.doc	Islam12.doc	folder15/Islam12.doc	1.0	1261	2012-04-19	19/نيسان/2012
التمر الإسرائيلي يفسد الصوم.doc	dates.doc	folder1/dates.doc	1.0	327	2006-09-28	28/أيلول/2006
التمر الصهيوني يفسد الصيام.doc	Palestine157.doc	folder6/Palestine157.doc	1.0	389	2011-08-01	1/آب/2011
التنازل في الألاح الكيميائي السوري.doc	Syria29.doc	folder7/Syria29.doc	1.0	576	2013-09-10	10/أيلول/2013
التهاني والتعازي ونهب أموال الشعب.doc	Bayan46.doc	folder/Bayan46.doc	1.0	189	2004-04-28	28/نيسان/2004
التهدئة الحمساوية-الإسرائيلية.doc	Palestine62.doc	old flash memory/New folder (4)/Palestine62.doc	1.0	1503	2008-06-29	29/حزيران/2008
التهديد الإسرائيلي ل غزة.doc	Gaza36.doc	folder7/Gaza36.doc	1.0	390	2013-04-24	24/نيسان/2013
الثمن بخس يا أبو الغيط.doc	Palestine124.doc	folder6/Palestine124.doc	1.0	498	2010-09-08	8/أيلول/2010
الثور الأمريكي والمغامرات الحربية.doc	America39.doc	folder7/America39.doc	1.0	1347	2013-08-30	30/آب/2013
الثور الأمريكي يتقلص عجلا.doc	America40.doc	folder7/America40.doc	1.0	617	2013-09-01	1/أيلول/2013
الثورة أيها الفلسطينيون.doc	revolt2.doc	folder5/revolt2.doc	1.0	302	2010-02-23	23/شباط/2010
الثورة على أنفسنا.doc	revolution.doc	folder1/revolution.doc	0.8	416	2006-09-04	4/أيلول/2006
الحاج أوباما ونصرة اليتامى.doc	America26.doc	folder4/America26.doc	1.0	846	2009-06-13	13/حزيران/2009
الحرب آتية.doc	War3.doc	old flash memory/New folder (4)/War3.doc	1.0	1471	2007-07-12	12/تموز/2007
الحرب الثانية على غزة.doc	Gaza32.doc	folder5/Gaza32.doc	0.85	1176	2010-01-08	8/كانون ثاني/2010
الحرب الفلسطينية على الفلسطينيين.doc	Palestine131.doc	folder6/Palestine131.doc	0.85	1169	2010-11-17	17/تشرين ثاني/2010
الحرب ضد العرب والمسلمين.doc	war.doc	folder1/folder2/war.doc	1.0	1508	2002-02-01	1/شباط/2002
الحرب وميزان القوى الجديد.doc	Hizballah35.doc	folder5/Hizballah35.doc	1.0	1587	2010-05-27	27/أيار/2010
الحل الاقتصادي الفلسطيني للضفة الغربية.doc	palestine58.doc	folder6/palestine58.doc	1.0	1771	2011-08-10	10/آب/2011
الخاسر نظام مصر وليس حزب الله.docx	Hizballah33.docx	folder4/Hizballah33.docx	1.0	787	2009-04-13	13/نيسان/2009
الخروج من الأزمة في فلسطين.doc	Salaries2.doc	folder1/Salaries2.doc	0.85	342	2006-10-02	2/تشرين أول/2006
الخروج من المأزق الفلسطيني.doc	palestine93.doc	folder4/palestine93.doc	1.0	599	2009-05-03	3/أيار/2009
الخزي الأكبر.doc	Palestine34.doc	folder1/Palestine34.doc	1.0	750	2007-06-19	19/حزيران/2007
الخطوات القادمة في غزة.doc	Gaza35.doc	folder7/Gaza35.doc	0.85	526	2012-11-25	25/تشرين ثاني/2012
الخلل في مفاوضات التهدئة.doc	Palestine86.doc	folder4/Palestine86.doc	0.85	1039	2008-12-25	25/كانون أول/2008
الخوف من شارون والبكاء عليه.doc	Sharon7.doc	folder1/Sharon7.doc	0.85	721	2006-01-08	8/كانون ثاني/2006
الخيانة بوقاحة.doc	Qatar2.doc	folder6/Qatar2.doc	0.85	509	2011-12-11	11/كانون أول/2011
الخيانة في فلسطين عينك عينك.doc	Palestine10.doc	folder1/Palestine10.doc	1.0	454	2006-09-26	26/أيلول/2006
الدكتور فياض والاقتصاد المقاوم.doc	economy9.doc	folder6/economy9.doc	1.0	585	2012-04-23	23/نيسان/2012
الدكتور وزير المالية المحترم.doc	Car8.doc	folder6/Car8.doc	0.85	188	2009-02-02	2/شباط/2009
الدين الشعبي وتطبيق الشريعة.doc	Islam23.doc	folder15/Islam23.doc	1.0	1101	2013-08-18	18/آب/2013
الرئيس مرسي والأمريكيون.doc	Egypt13.doc	folder7/Egypt13.doc	1.0	332	2012-07-31	31/تموز/2012
الرحيل عن فلسطين.doc	Palestine112.doc	folder5/Palestine112.doc	1.0	866	2010-05-15	15/أيار/2010
الرد على الملك عبد الله.doc	King1.doc	folder/King1.doc	1.0	860	2004-04-17	17/نيسان/2004
الزحف الإسرائيلي نحو الصين.doc	china.doc	folder/china.doc	1.0	675	2005-06-23	23/حزيران/2005
السفير الأمريكي في حماة.doc	Syria13.doc	folder6/Syria13.doc	1.0	382	2011-07-09	9/تموز/2011
السلام والمقاومة في ضوء المتغيرات.doc	resistance10.doc	resistance10.doc	0.85	3714	2009-03-08	8/آذار/2009
السنة والشيعة في ميزان الموقف من.doc	Shiites6.doc	Shiites6.doc	0.85	1059	2014-01-28	28/كانون ثاني/2014
السيد النائب العام الفلسطيني.doc	Court35.doc	folder6/Court35.doc	0.85	260	2011-05-19	19/أيار/2011
الشعب سبب الانقسام.doc	Palestine148.doc	folder6/Palestine148.doc	0.85	274	2011-03-16	16/آذار/2011
الشعب يريد إسقاط أوسلو.doc	Palestine146.doc	folder6/Palestine146.doc	0.85	184	2011-03-03	3/آذار/2011
الشكر لإيران وسوريا وحزب الله.doc	Iran28.doc	Iran28.doc	0.85	306	2012-11-17	17/تشرين ثاني/2012
الشهداء بكثرة يتتابعون.doc	bayan18.doc	E/bayan18.doc	0.85	265	2003-03-15	15/آذار/2003
الصمت الروسي حول غزة.doc	Russia3.doc	folder4/Russia3.doc	1.0	1451	2009-02-11	11/شباط/2009
الصمت مقابل القتل.doc	Israel4.doc	folder/Israel4.doc	0.85	665	2005-11-01	1/تشرين ثاني/2005
الصور الإسرائيلية لمواقع حزب الله.doc	Hizballah36.doc	folder5/Hizballah36.doc	1.0	463	2010-07-08	8/تموز/2010
الضائقة الاقتصادية في الضفة الغربية.doc	Palestine132.doc	folder6/Palestine132.doc	0.85	1193	2011-01-13	13/كانون ثاني/2011
الضباط الأربعة إحباط أمريكي جديد.doc	America21.doc	folder4/America21.doc	1.0	448	2009-04-30	30/نيسان/2009
الضفة ستصبح هدفا لنشاط القاعدة.doc	Qaeda4.doc	old flash memory/New folder (4)/Qaeda4.doc	0.85	268	2007-07-22	22/تموز/2007
الطفل التونسي يحاضر لقيادات فلسطين.doc	Tunis2.doc	folder6/Tunis2.doc	0.85	230	2012-05-02	2/أيار/2012
العبرة لحماس.doc	Hamas7.doc	folder1/Hamas7.doc	0.85	923	2006-01-28	28/كانون ثاني/2006
العراق.doc	Iraq1X.doc	Iraq1X.doc	1.0	1389	2003-04-25	25/نيسان/2003
العرب قراطية.doc	Arabs31.doc	old flash memory/New folder (8)/Arabs31.doc	1.0	1533	2013-08-01	1/آب/2013
العلاقات الحمساوية الداخلية بعد.doc	Hamas21.doc	old flash memory/New folder (7)/Hamas21.doc	1.0	2477	2007-06-11	11/حزيران/2007
العودة إلى القرآن الكريم توحد المسلمين.doc	Islam15 - Copy.doc	folder15/Islam15 - Copy.doc	0.85	2558	2013-02-22	22/شباط/2013
العولمة الأمريكية تترنح.doc	America19.doc	old flash memory/New folder (4)/America19.doc	0.85	1856	2008-11-11	11/تشرين ثاني/2008
العيساوي وحرب الإرادات.doc	Palestine191.doc	folder7/Palestine191.doc	1.0	317	2013-04-24	24/نيسان/2013
الفتنة أشد من القتل.doc	Jihad2.doc	folder1/Jihad2.doc	0.85	322	2006-01-10	10/كانون ثاني/2006
الفرار إلى إسرائيل.doc	palestine67.doc	old flash memory/New folder (4)/palestine67.doc	1.0	941	2008-08-07	7/آب/2008
الفساد والاحتلال ضد خالد السوسو.doc	khaled1.doc	E/khaled1.doc	0.85	370	2003-01-25	25/كانون ثاني/2003
الفساد يأكل فلسطين.doc	Corruption2.doc	folder/Corruption2.doc	1.0	2149	2004-09-09	9/أيلول/2004
الفلسطينيون التايلانديون.doc	Palestine152.doc	folder6/Palestine152.doc	1.0	492	2011-06-16	16/حزيران/2011
الفلسطينيون بحاجة لقاعدة عسكرية.doc	Palestine230.doc	folder7/Palestine230.doc	1.0	487	2014-09-06	6/أيلول/2014
الفلسطينيون ضحايا الخيانة.doc	treason5.doc	folder7/treason5.doc	1.0	697	2012-09-30	30/أيلول/2012
الفوضى تدب في فلسطين.doc	Security21.doc	folder/Security21.doc	0.85	728	2006-01-07	7/كانون ثاني/2006
القتال من أجل الهزيمة.doc	Defeat10.doc	folder/Defeat10.doc	0.85	645	2005-12-20	20/كانون أول/2005
القدس يحميها أهلها.doc	Jerusalem7.doc	folder6/Jerusalem7.doc	1.0	469	2012-02-22	22/شباط/2012
الكبرياء الوطني والتغلب على الحصار.doc	Palestine28.doc	old flash memory/New folder (4)/Palestine28.doc	0.85	921	2007-05-12	12 أيار 2007
اللاجئون والصواريخ في حلق عباس.doc	Abbas6.doc	folder/Abbas6.doc	0.85	812	2005-08-09	9/آب/2005
اللاجئون والصواريخ في خطاب عباس.doc	Abbas5.doc	folder/Abbas5.doc	0.85	653	2005-08-09	9/آب/2005
المتحاورون الفلسطينيون كاذبون.doc	Palestine32.doc	folder1/Palestine32.doc	1.0	394	2007-06-04	4/حزيران/2007
المحكمة الدولية أداة في المعادلة.doc	Lebanon7.doc	old flash memory/New folder (4)/Lebanon7.doc	0.85	2455	2007-06-13	13 حزيران 2007
المحكمة الدولية الخاصة باغتيال الحريري.doc	Lebanon10.doc	folder6/Lebanon10.doc	1.0	573	2011-06-02	2/حزيران/2011
المحور العربي-الإسرائيلي.doc	axis1.doc	folder1/axis1.doc	0.85	883	2006-10-01	1/تشرين أول/2006
المخابرات الأردنية التكتم والفضيحة.doc	Jordan9.doc	folder5/Jordan9.doc	0.85	800	2010-01-11	11/كانون ثاني/2010
المدارس ليست مزارعكم.doc	Palestine145.doc	folder6/Palestine145.doc	0.85	270	2011-02-24	24/شباط/2011
المدّ الفلسطيني والجزْر الإسرائيلي.doc	Palestine226.doc	gaza 10/Palestine226.doc	1.0	1514	2014-07-09	9/تموز/2014
المساس بالمقاومة مساس بفلسطين.doc	hamas38 (2).doc	folder7/hamas38 (2).doc	1.0	712	2013-07-26	26/تموز/2013
المساعدات المالية الأمريكية رمز.doc	Palestine187.doc	Palestine187.doc	0.85	264	2013-03-25	25/آذار/2013
المصالحة الفلسطينية في ذيل التنسيق مع.doc	palestine166.doc	folder6/palestine166.doc	1.0	1488	2012-01-09	9/كانون ثاني/2012
المصالحة الفلسطينية وإعادة بناء.doc	Palestine231.doc	folder7/Palestine231.doc	1.0	810	2014-09-08	8/أيلول/2014
المعركة على أرض فلسطين.doc	Gaza27.doc	folder4/Gaza27.doc	0.85	687	2009-01-12	12/كانون ثاني/2009
المفرقعات الفلسطينية والرصاصات.doc	Palestine156.doc	folder6/Palestine156.doc	0.85	187	2011-07-24	24/تموز/2011
المقاومة الشعبية الفلسطينية.doc	Palestine173.doc	folder6/Palestine173.doc	1.0	797	2012-03-20	20/آذار/2012
المقاومة الفلسطينية الفاشلة.doc	Palestine201.doc	folder7/Palestine201.doc	1.0	406	2013-08-13	13/آب/2013
المقاومة توحد شعب فلسطين.doc	Palestine141.doc	folder6/Palestine141.doc	0.85	203	2011-02-16	16/شباط/2011
المقاومة وأوهام السيادة العربية.docx	Arabs15.docx	folder4/Arabs15.docx	1.0	1242	2009-04-17	17/نيسان/2009
النجاسة الكبرى والنجاسة الصغرى.doc	najasa.doc	folder6/najasa.doc	1.0	593	2012-05-16	16/أيار/2012
النضال القديم والخيانة.doc	treason6.doc	treason6.doc	0.85	388	2012-10-09	9/تشرين أول/2012
النظام الانتخابي النسبي السليم.doc	Elections27.doc	folder5/Elections27.doc	0.85	647	2009-10-28	28/تشرين أول/2009
النظام المصري يغطي فشله باتهام بالقسام.doc	Egypt19.doc	folder7/Egypt19.doc	1.0	652	2015-02-03	3/شباط/2015
النيل همّ عربي ثقيل.doc	nile.doc	folder5/nile.doc	1.0	1389	2010-05-04	4/أيار/2010
الهاشمي والفتنة الطائفية.doc	Iraq18.doc	old flash memory/New folder (7)/Iraq18.doc	0.85	287	2012-04-04	4/نيسان/2012
الهجوم على الإسلام في الضفة الغربية.doc	Palestine123.doc	folder6/Palestine123.doc	1.0	1149	2010-09-05	5/أيلول/2010
الهجوم على حزب التحرير.doc	Tahreer2.doc	folder6/Tahreer2.doc	1.0	441	2011-07-20	20/تموز/2011
الهزيمة تنتظركم في غزة.doc	Israel35.doc	folder6/Israel35.doc	0.85	251	2011-09-28	28/أيلول/2011
الوضع المخجل في الضفة الغربية.doc	Palestine88.doc	folder4/Palestine88.doc	0.85	367	2009-01-04	4/كانون ثاني/2009
اليوم الموعود بين أمريكا وإيران.doc	Iran26.doc	folder6/Iran26.doc	1.0	1542	2012-02-17	17/شباط/2012
امتلاك القنبلة النووية واجب إسلامي.doc	Iran27.doc	folder6/Iran27.doc	1.0	351	2012-06-06	6/حزيران/2012
امرأة فلسطينية بين الشباب والفصائل.doc	Palestine52.doc	old flash memory/New folder (4)/Palestine52.doc	0.85	688	2007-11-17	17/تشرين ثاني/2007
انتخابات جامعات الضفة الغربية.doc	palestine190.doc	palestine190.doc	0.85	290	2012-04-24	24/نيسان/2012
انفجار كويتا مصلحة أمريكية-إسرائيلية.doc	Bayan21.doc	D Docs/Bayan21.doc	0.85	205	2003-07-06	6/تموز/2003
انكماش العرب أمام نجاد.doc	Iran4.doc	folder/Iran4.doc	0.85	523	2005-12-09	9/كانون أول/2005
انهيار النظرية الأمنية الإسرائيلية.doc	Israel38.doc	folder7/Israel38.doc	1.0	1486	2014-08-14	14/آب /2014
انهيار نظام الأبوات الفلسطيني.doc	palestine55.doc	old flash memory/New folder (4)/palestine55.doc	1.0	362	2008-03-23	23/آذار/2008
بدائل السلطة الفلسطينية.doc	authority1.doc	folder1/authority1.doc	1.0	850	2006-03-17	17/آذار/2006
برهان غليون يسيء لقضيته.doc	Syria17.doc	folder6/Syria17.doc	0.85	617	2011-12-03	3/كانون أول/2011
بطيخ جنين والخيانة الوطنية.doc	Palestine154.doc	folder6/Palestine154.doc	1.0	857	2011-06-30	30/حزيران/2011
بعث منظمة التحرير من الأموات.doc	PLO1.doc	folder1/PLO1.doc	1.0	587	2006-03-21	21/آذار/2006
بيان وقعه ثلاثون من شخصيات غزة والضفة.doc	Bayan59.doc	folder/Bayan59.doc	0.8	360	2005-03-07	7/آذار/2005
بيان وُزع في جامعة النجاح ضد عبد الستار.doc	University37.doc	folder6/University37.doc	1.0	547	2011-08-31	31/آب/2011
بيانات الفصائل حول تفاهات الساحة.doc	Palestine167.doc	folder6/Palestine167.doc	0.85	438	2012-01-14	14/كانون ثاني/2012
بين إدارة النجاح والقضاء الفلسطيني.doc	university33.doc	folder6/university33.doc	1.0	731	2011-08-21	21/آب/2011
بين الانضباط والغوغائية.doc	Hamas8.doc	folder1/Hamas8.doc	1.0	664	2006-02-02	2/شباط/ 2006
بين التدين والإيمان وخيانة الإسلام.doc	islam21.doc	folder7/islam21.doc	1.0	1176	2013-06-27	27/حزيران/2013
بين الحرية والابتذال.doc	Freedom2.doc	folder/Freedom2.doc	1.0	765	2006-02-09	9/شباط/2006
بين المخابرات الأردنية والإسرائيلية.doc	Jordan4.doc	folder1/Jordan4.doc	0.85	931	2005-01-16	16/كانون ثاني/2005
تأييد الهيئة الفلسطينية للدفاع عن.doc	Palestine108.doc	folder5/Palestine108.doc	1.0	353	2010-02-25	25/شباط/2010
تجميل صورة ال US AID.doc	Palestine126.doc	folder6/Palestine126.doc	1.0	1034	2010-09-13	13/أيلول/2010
تحرك شباب فلسطين.doc	Palestine188.doc	Palestine188.doc	1.0	380	2013-03-27	27/آذار/2013
تحرير أسرى فلسطين.doc	Prisoners21.doc	old flash memory/New folder (4)/Prisoners21.doc	1.0	1684	2007-07-23	23/تموز/2007
تحرير فلسطين ينتظر المصالحة.doc	Palestine170.doc	folder6/Palestine170.doc	1.0	416	2012-02-28	28/شباط/2012
تحية تعظيم وإكبار لشعبنا العراقي.doc	Bayan44.doc	folder/Bayan44.doc	0.85	214	2004-04-07	7/نيسان/2004
تخريب الأمن الداخلي الفلسطيني.doc	Security15.doc	folder/Security15.doc	1.0	411	2005-06-13	13/حزيران/2005
تخوف القرضاوي من التشيع.doc	Shiites6.doc	old flash memory/New folder (4)/Shiites6.doc	0.85	1276	2008-10-14	14/تشرين أول/2008
تدمير اليمن.doc	Yemen1.doc	old flash memory/New folder (7)/Yemen1.doc	0.85	599	2010-11-11	11/تشرين ثاني/2010
تدمير نابلس.doc	Nablus2.doc	folder/Nablus2.doc	1.0	860	2004-06-06	6/حزيران/2004
ترتيب الأوضاع بعد عرفات.doc	Leadership4.doc	folder/Leadership4.doc	0.85	437	2004-11-05	5/تشرين ثاني/2004
ترقيات رؤساء الجامعات.doc	University50.doc	folder7/University50.doc	1.0	406	2014-02-13	13/شباط/2014
تركيا هي المعتدية.docx	Turkey9.docx	folder6/Turkey9.docx	1.0	570	2012-06-25	25/حزيران/2012
ترويض حماس.doc	hamas31.doc	folder6/hamas31.doc	0.85	257	2012-02-08	8/شباط/2012
تطبيع اتحاد الجامعات المتوسطية.doc	Normal2.doc	folder5/Normal2.doc	1.0	538	2010-02-05	5/شباط/2010
تطبيع الأكاديميين.doc	Norm1.doc	folder/Norm1.doc	1.0	776	2004-04-09	9/نيسان/2004
تعريفات أصناف الخونة والجواسيس.doc	spies.doc	folder7/spies.doc	0.85	928	2014-01-21	21/كانون ثاني/2014
تعطيل المدارس تدمير لفلسطين.doc	Schools1.doc	folder1/Schools1.doc	0.85	810	2006-10-13	13/تشرين أول/2006
تقرير حول أسرى لدى السلطة.doc	Prisoners5.doc	folder/Prisoners5.doc	1.0	569	2005-04-21	21/نيسان/2005
تقسيم فلسطين والتضامن معها.doc	Palestine165.doc	folder6/Palestine165.doc	0.85	326	2011-11-29	29/تشرين الثاني/2011
تمزيق اتفاقية أوسلو.doc	Palestine138.doc	folder6/Palestine138.doc	1.0	322	2011-02-10	10/شباط/2011
تمكين حق العودة.doc	Refugees10.doc	folder6/Refugees10.doc	1.0	785	2011-05-16	16/أيار/2011
تمكين غزة من الردع.doc	Palestine171.doc	folder6/Palestine171.doc	1.0	378	2012-03-11	11/آذار/2012
تمويل إقامة الوطن القومي اليهودي.doc	Zionism3.doc	Zionism3.doc	1.0	2226	2009-03-19	19/آذار/2009
تهجير الفلسطينيين.doc	Refugees9.doc	old flash memory/New folder (4)/Refugees9.doc	0.85	1522	2007-10-21	21/تشرين أول/2007
تهدئة بلا جدوى.doc	Palestine58.doc	old flash memory/New folder (4)/Palestine58.doc	1.0	839	2008-04-30	30/نيسان/2008
تهويد القدس.doc	Jerusalem9.doc	folder6/Jerusalem9.doc	1.0	1432	2012-03-13	13/آذار/2012
توقف الحرية الأكاديمية عند رئيس جامعة.doc	University40.doc	folder6/University40.doc	1.0	1220	2011-08-21	21/آب/2011
ثمن تباطؤ حزب الله.doc	Hizballah37.doc	folder5/Hizballah37.doc	1.0	624	2010-07-26	26/تموز/2010
ثوار مصر يعززون أحمد شفيق.doc	Egypt12.doc	folder6/Egypt12.doc	0.85	391	2011-01-25	25/كانون ثاني/2011
ثورة العرب تعلو فوق فتن التمزيق.doc	Arabs11.doc	Arabs11.doc	1.0	1772	2011-04-15	15/نيسان/2011
ثورة اللاجئين الفلسطينيين.doc	Palestine142.doc	folder6/Palestine142.doc	1.0	311	2011-02-19	19/شباط/2011
ثورة شباب فلسطين زحف قادم.doc	Palestine151.doc	folder6/Palestine151.doc	1.0	727	2011-05-31	31/أيار/2011
ثورة شعب فلسطين.doc	Revolt4.doc	folder6/Revolt4.doc	0.85	294	2012-04-07	7/نيسان/2012
ثورة في لبنان.doc	lebanon11.doc	folder6/lebanon11.doc	1.0	385	2011-09-28	28/أيلول/2011
جامعة النجاح لم تنفذ الاتفاق بعد مع د.doc	University43.doc	folder6/University43.doc	0.85	412	2001-09-11	11/أيلول/2001
جامعة النجاح لم تنفذ الاتفاق مع د. عبد.doc	University44.doc	folder6/University44.doc	0.85	362	2011-10-04	4/تشرين أول/2011
جبران باسيل يطرد سفير إسرائيل.doc	Lebanon12.doc	folder6/Lebanon12.doc	1.0	373	2012-06-26	26/حزيران/2012
جدل القمة.doc	arab summit1.doc	D Docs/arab summit1.doc	0.85	1104	2002-01-19	19/كانون ثاني/2002
جدلية الانتخابات السياسية في ضوء.doc	Elections29.doc	folder7/Elections29.doc	0.85	980	2012-10-20	20/ تشرين أول/ 2012
جريمة المفاوضات السرية.docx	جريمة المفاوضات السرية.docx	folder7/جريمة المفاوضات السرية.docx	1.0	724	2013-08-05	5/آب/2013
جنون الأفراح في فلسطين.doc	Palestine65.doc	old flash memory/New folder (4)/Palestine65.doc	1.0	428	2008-07-27	27/تموز/2008
حجز الأموال والإرادة الفلسطينية.doc	Palestine150.doc	folder6/Palestine150.doc	1.0	603	2011-05-01	1/أيار/2011
حدث تاريخي مجاهدة فلسطينية تخاطب مجلس.doc	Palestine192.doc	folder7/Palestine192.doc	0.85	296	2013-04-29	29/نيسان/2013
حدود السياسة التركية.doc	Turkey7.doc	old flash memory/New folder (7)/Turkey7.doc	1.0	567	2011-06-27	27/حزيران/2011
حرب المستوطنين.doc	Israel31.doc	folder5/Israel31.doc	1.0	609	2010-03-20	20/آذار/2010
حركة المخيمات الفلسطينية.doc	Palestine143.doc	folder6/Palestine143.doc	1.0	317	2011-02-21	21/شباط/2011
حزب الله رتاج الانتصارات العظيم.docx	Hizballah49.docx	folder7/Hizballah49.docx	1.0	1689	2014-08-11	11/آب/2014
حزب الله موجود في الجليل.doc	Hizbollah48.doc	folder7/Hizbollah48.doc	0.85	426	2015-01-17	17/كانون ثاني/2015
حزب الله والدفاع عن النفس.doc	Hizballah45.doc	old flash memory/New folder (8)/Hizballah45.doc	1.0	1660	2013-06-20	20/حزيران/2013
حزب الله ومعادلة ال س س.doc	Hizballah39.doc	folder6/Hizballah39.doc	0.85	931	2010-12-07	7/كانون أول/2010
حزب الله الظاهرة التاريخية.doc	Hizballah43.doc	folder7/Hizballah43.doc	1.0	1420	2013-06-15	15/حزيران/2013
حزب الله القدوة وليس الإسقاط.doc	Hizballah32.doc	folder4/Hizballah32.doc	1.0	972	2009-04-11	11/نيسان/2009
حسن نصر الله رجل عربي.doc	Hizballah21.doc	old flash memory/New folder (4)/Hizballah21.doc	0.85	494	2007-10-05	5/تشرين أول/2007
حضور هيرتسيليا أضعف الخيانة.doc	Palestine168.doc	folder6/Palestine168.doc	1.0	402	2012-02-04	4/شباط/2012
حق الرؤية بدل حق العودة.doc	Palestine182.doc	folder7/Palestine182.doc	0.85	422	2012-11-04	4/تشرين ثاني/2012
حقوق معلمي فلسطين.doc	Palestine210.doc	folder7/Palestine210.doc	0.85	633	2013-11-22	22/تشرين ثاني/2013
حقول الغاز الفلسطينية واللبنانية.doc	gaz.doc	folder5/gaz.doc	1.0	428	2010-06-26	26/حزيران/2010
حكام فلسطين الثلاثي الأمريكي.doc	America7.doc	D Docs/America7.doc	1.0	431	2003-07-25	25/تموز/2003
حكومة العراق تصنع عضوا في القاعدة.doc	Alaa2.doc	old flash memory/New folder (6)/Alaa2.doc	1.0	393	2011-03-17	17/آذار/2011
حكومة العراق لا تقيم العدالة.doc	Alaa2.doc	folder5/Alaa2.doc	1.0	409	2011-03-17	17/آذار/2011
حل الأزمة الفلسطينية.doc	Palestine38.doc	old flash memory/New folder (4)/Palestine38.doc	1.0	345	2007-09-13	13/أيلول/2007
حل السلطة الفلسطينية.doc	Authority2.doc	folder1/Authority2.doc	1.0	918	2006-03-17	17/آذار/2006
حل مشكلة الرواتب.doc	Salaries1.doc	folder1/Salaries1.doc	1.0	344	2006-09-14	14/أيلول/2006
حماة الوطن يتنازعون.doc	Watan1.doc	D Docs/Watan1.doc	1.0	505	2003-04-25	25/نيسان/2003
حماس في المعادلة الإقليمية.doc	Hamas30.doc	folder6/Hamas30.doc	0.85	1231	2011-12-19	19/كانون أول/2011
حماس والأردن.doc	hamas22.doc	Folder 3/hamas22.doc	0.85	2998	2007-08-21	21/آب/2007
حماس وانتخابات التشريعي.doc	Hamas3.doc	folder/Hamas3.doc	0.85	771	2005-03-12	12/آذار/2005
حماس وخطى منظمة التحرير.doc	Hamas26.doc	old flash memory/New folder (4)/Hamas26.doc	1.0	1398	2008-04-27	27/نيسان/2008
حملة لتجريم بريطانيا.doc	Watanuna1.doc	old flash memory/New folder (4)/Watanuna1.doc	1.0	349	2008-08-01	1/آب/2008
حياؤنا محبوس وظهرنا محلوس.doc	Palestine189.doc	folder7/Palestine189.doc	1.0	354	2013-04-16	16/نيسان/2013
خذلان البحرين.doc	Bahrain2.doc	folder6/Bahrain2.doc	1.0	656	2011-04-19	19/نيسان/2011
خريطة الطريق هي طريق بلفور.doc	road map2.doc	D Docs/road map2.doc	1.0	1886	2003-06-20	20/حزيران/2003
خسروا قضاياهم ضدي.doc	Court28.doc	folder6/Court28.doc	0.85	663	2010-11-09	9/تشرين ثاني/2010
خطبة الجمعة في الضفة الغربية.doc	Palestine101.doc	folder5/Palestine101.doc	1.0	506	2009-08-07	7/آب/2009
دايتون مخططا اقتصاديا.doc	Dayton11.doc	folder5/Dayton11.doc	1.0	505	2010-06-09	9/حزيران/2010
دحلان لن يصيبه أذى.doc	Dahlan4.doc	folder6/Dahlan4.doc	0.85	384	2010-12-31	31/كانون أول/2010
دعم الأسرى في مواجهة السجان.doc	Prisoners28.doc	folder6/Prisoners28.doc	1.0	946	2012-05-08	8/أيار/2012
دولة لبنان ضحية أمرائها.doc	Lebanon13.doc	folder7/Lebanon13.doc	1.0	328	2013-05-18	18/أيار/2013
رأيت إبليس.doc	islam18.doc	islam18.doc	1.0	891	2013-05-22	22/أيار/2013
راسب في الهندسة المعمارية دفاعا عن.doc	University35.doc	folder6/University35.doc	1.0	364	2011-08-23	23/آب/2011
ربيع الجامعات العربية.doc	Arabs21 (Autosaved).doc	folder6/Arabs21 (Autosaved).doc	1.0	1379	2012-07-07	7/تموز/2012
رجال المخابرات خون.doc	Intelligence2.doc	folder6/Intelligence2.doc	1.0	1465	2011-03-30	30/آذار/2011
رد على المدعي العام الفلسطيني السيد.doc	Court44.doc	folder6/Court44.doc	0.85	690	2012-01-03	3/كانون ثاني/2012
رواتب التشريعي ورواتب المعلمين.doc	salaries.doc	folder/salaries.doc	1.0	413	2004-04-21	21/نيسان/2004
زحمة المفتين تُهلك المسلمين.doc	Islam16.doc	folder7/Islam16.doc	1.0	461	2013-03-07	7/آذار/2013
زوروا القدس محررين لا خانعين.doc	Jerusalem8.doc	folder6/Jerusalem8.doc	1.0	323	2012-03-05	5/آذار/2012
زيارة موفاز والتهتك الفلسطيني.doc	Palestine175.doc	folder6/Palestine175.doc	1.0	528	2012-06-29	29/حزيران/2012
ستعودون للقدس فاتحين.doc	Palestine118.doc	folder5/Palestine118.doc	1.0	783	2010-06-20	20/حزيران/2010
سجن جنيد وسجن نابلس.doc	Junaid.doc	folder4/Junaid.doc	1.0	517	2009-04-19	19/نيسان/2009
سرداب حماس.doc	Hamas34.doc	folder7/Hamas34.doc	0.85	264	2012-09-25	25/أيلول/2012
سعد الحريري.doc	Lebanon5.doc	folder/Lebanon5.doc	0.85	746	2005-12-19	19/كانون أول/2005
سفالة الإسرائيليين فوق المنافسة.doc	Israel20.doc	old flash memory/New folder (4)/Israel20.doc	1.0	440	2008-07-10	10/تموز/2008
سقف مطالبي وجنرال إسرائيل.doc	Peace3.doc	folder5/Peace3.doc	1.0	592	2010-06-06	6/حزيران/2010
سلطة اللاسلطة.doc	authority.doc	D Docs/authority.doc	0.85	1044	2001-12-27	27/كانون أول/2001
سليمان العودة ينتقد حزب الله.doc	Hizballah31.doc	old flash memory/New folder (4)/Hizballah31.doc	1.0	1060	2008-05-07	7/أيار/2008
سماسرة الوطن أعداء المعلم وأعداء الطالب.docx	سماسرة الوطن أعداء المعلم وأعداء الطالب.docx	folder7/سماسرة الوطن أعداء المعلم وأعداء الطالب.docx	0.85	380	2013-11-23	23/تشرين ثاني/2013
سنهزم الفساد والفاسدين.doc	Bayan50.doc	folder/Bayan50.doc	0.85	234	2004-09-01	1/أيلول/2004
سوريا بين السكرة والفكرة.doc	Syria27.doc	folder7/Syria27.doc	1.0	563	2013-04-22	22/نيسان/2013
سوريا وتسليح حزب الله.doc	Syria10.doc	folder5/Syria10.doc	1.0	575	2010-04-21	21/نيسان/2010
سوريون يهاجمون حزب الله.doc	Syria12.doc	folder6/Syria12.doc	1.0	1069	2011-04-24	24/نيسان/2011
سياسة طحن الماء ومؤتمر الخريف 2007.doc	America16.doc	old flash memory/New folder (4)/America16.doc	1.0	1500	2007-07-25	25/تموز/2007
شارون وسلام أنبياء اليهود.doc	prophets.doc	folder/prophets.doc	1.0	1030	2004-04-14	14/نيسان/2004
شبانة والواجب الوطني.doc	Revolt3.doc	folder5/Revolt3.doc	1.0	365	2010-03-10	10/آذار/2010
شراء الحقوق الفلسطينية.doc	palestine54.doc	old flash memory/New folder (4)/palestine54.doc	1.0	1521	2008-06-12	12/حزيران/2008
شرعية إسرائيل فوق شرعية فلسطين.doc	Palestine72.doc	old flash memory/New folder (4)/Palestine72.doc	0.85	3431	2008-09-07	7/أيلول/2008
شعب الشيطان المختار.doc	Israel21.doc	old flash memory/New folder (4)/Israel21.doc	1.0	753	2008-07-12	12/تموز/2008
شكر وعهد.doc	Thanks.doc	folder4/Thanks.doc	0.85	215	2009-04-25	25/نيسان/2009
شهادة أمام القضاء الفلسطيني.doc	Palestine63.doc	old flash memory/New folder (4)/Palestine63.doc	1.0	404	2008-07-01	1/تموز/2008
شهادة جديدة لحزب الله.doc	Hizballah47.doc	old flash memory/New folder (8)/Hizballah47.doc	1.0	464	2013-07-23	23/تموز/2013
شهوة الغرب للدماء والدمار في سوريا.doc	Syria23.doc	folder7/Syria23.doc	1.0	1076	2012-07-21	21/تموز/2012
ضعف المعارضة الأردنية.doc	Jordan10.doc	folder7/Jordan10.doc	1.0	664	2012-09-04	4/أيلول/2012
طائرة حزب الله والتوازن الاستراتيجي.doc	Hizballah42.doc	Hizballah42.doc	0.85	460	2012-10-11	11/تشرين أول/2012
عباس وجواز سفر فلسطيني.doc	Palestine185.doc	folder7/Palestine185.doc	0.85	540	2013-01-07	7/كانون ثاني/2013
عباس يتنازل من 44% إلى 22%.doc	Palestine155.doc	folder6/Palestine155.doc	1.0	549	2011-07-02	2/تموز/2011
عبد الستار قاسم أمام المحكمة الجنائية.doc	Court12.doc	folder5/Court12.doc	1.0	547	2010-03-18	18/آذار/2010
عبد الستار قاسم والقضاء الفلسطيني.doc	Court18.doc	folder5/Court18.doc	0.85	915	2009-04-21	21/ نيسان 2009
عبقرية التفاوض باحتمال 1%.doc	Palestine122.doc	folder6/Palestine122.doc	1.0	935	2010-08-27	27/آب/2010
عدالة القضاء الفلسطيني.doc	judiciary.doc	folder/judiciary.doc	0.85	184	2005-05-28	28/أيار/2005
عرفات هو المسؤول الأول عن الفساد.doc	Bayan49.doc	folder/Bayan49.doc	0.85	245	2004-07-17	17/ تموز/2004
عرفات يتحمل المسؤولية.doc	Bayan23.doc	D Docs/Bayan23.doc	0.85	257	2003-08-31	31/آب/2003
عقبات أمام الهجوم على إيران.doc	Iran20.doc	folder4/Iran20.doc	1.0	1844	2009-04-15	15/نيسان/2009
عندما يقود المراهقون.doc	Palestine215.doc	old flash memory/New folder (7)/Palestine215.doc	1.0	476	2014-03-18	18/آذار/2014
عودة اللاجئين أولا.doc	Refugees12.doc	folder6/Refugees12.doc	0.85	962	2011-05-15	15/أيار/2011
عودة اللاجئين وليس الدولة.doc	Palestine149.doc	folder6/Palestine149.doc	1.0	486	2011-04-13	13/نيسان/2011
غباء أمريكي وإسرائيلي.doc	America20.doc	folder4/America20.doc	0.85	1552	2009-03-20	20/آذار 2009
غزة بين التباكي وحركة التاريخ.doc	Palestine36.doc	old flash memory/New folder (4)/Palestine36.doc	1.0	1460	2007-06-30	30/حزيران/2007
غزة تفرض معادلة جديدة.doc	Gaza17.doc	old flash memory/New folder (4)/Gaza17.doc	0.85	604	2008-01-23	23/كانون ثاني/2008
غزة ليست على الرف.doc	Gaza34.doc	folder6/Gaza34.doc	1.0	328	2012-04-03	3/نيسان/2012
فتن التاريخ تقصم ظهر المسلمين.doc	Shiites3.doc	Shiites3.doc	1.0	1045	2007-02-24	24/شباط/2007
فرع مخابرات تجنيد مسلمين.doc	Islam25.doc	folder7/Islam25.doc	1.0	1178	2013-08-24	24/آب/2013
فضائيات تسرق مكافآت الأكاديميين.doc	Channels.doc	folder6/Channels.doc	0.85	229	2012-07-18	18/تموز/2012
فلسطين أسيرة الرواتب.doc	Palestine77.doc	old flash memory/New folder (4)/Palestine77.doc	0.85	1281	2008-10-05	5/تشرين أول/2008
فلسطين بدولار.doc	Palestine153.doc	folder6/Palestine153.doc	1.0	1620	2011-07-12	12/تموز/2011
فلسطين تحت أقدام الفصائل.doc	Palestine1.doc	folder/Palestine1.doc	0.85	420	2000-07-17	17/تموز/2000
فلسطين تفتقد حياء القادة.doc	Palestine66.doc	old flash memory/New folder (4)/Palestine66.doc	1.0	911	2008-08-02	2/آب/2008
فلسطين في جدلية الصراع.doc	Palestine120.doc	old flash memory/New folder (4)/Palestine120.doc	0.85	1567	2007-07-31	31 تموز 2007
فلسطين في ميزان القوى الجديد.doc	Palestine69.doc	old flash memory/New folder (4)/Palestine69.doc	1.0	1461	2008-08-22	22/آب/2008
فلسطين مسؤولية كل السوريين.doc	Syria3.doc	E/Syria3.doc	1.0	1409	2003-05-07	7/أيار/2003
فلسطينيون أمام المحكمة العسكرية.doc	Court4.doc	Folder 3/Court4.doc	1.0	323	2007-09-13	13/أيلول/2007
فهمي شبانة وبينات الفساد.doc	Palestine106.doc	folder5/Palestine106.doc	1.0	1469	2010-02-14	14/شباط/2010
في ذكرى مجزرة صبرا وشاتيلا.doc	sabra.doc	folder7/sabra.doc	1.0	1003	2014-09-21	21/أيلول/2014
فياض سيد أم أداة.doc	Fayyad1.doc	folder5/Fayyad1.doc	0.85	2866	2010-04-08	8/نيسان/2010
قاعدة دجاج عسكرية لحزب الله.doc	Syria28.doc	folder7/Syria28.doc	1.0	609	2013-05-06	6/أيار/2013
قتل العلماء الإيرانيين.doc	Iran25.doc	folder6/Iran25.doc	0.85	476	2012-01-16	16/كانون ثاني/2012
قصة الاعتقال الجنائي.doc	court10.doc	folder5/court10.doc	0.85	1201	2008-07-28	28/تموز/2008
قصف رفح والتنسيق مع إسرائيل.doc	Egypt16.doc	folder7/Egypt16.doc	1.0	389	2013-08-11	11/آب/2013
كفى.doc	Bayan60.doc	folder/Bayan60.doc	0.85	184	2005-05-02	2/أيار/2005
كيري حبيبنا والمفاوض خائبنا.docx	كيري حبيبنا والمفاوض خائبنا.docx	old flash memory/New folder (8)/كيري حبيبنا والمفاوض خائبنا.docx	0.85	909	2014-01-20	20/كانون ثاني/2014
لا أسف على أي حاكم عربي.doc	Arabs15.doc	folder6/Arabs15.doc	1.0	1086	2011-04-27	27/نيسان/2011
لا تقلقوا على الرواتب.doc	Palestine176.doc	folder6/Palestine176.doc	1.0	587	2012-07-06	6/تموز/2012
لا ثقة بأمريكا.doc	America35.doc	folder6/America35.doc	1.0	488	2011-05-19	19/أيار/2011
لا سيادة للأردن.doc	Jordan11.doc	folder7/Jordan11.doc	1.0	363	2013-04-18	18/نيسان/2013
لا سيادة لمصر.doc	Egypt2.doc	folder5/Egypt2.doc	0.85	960	2009-12-28	28/كانون أول/2009
لا شرعية إلا شرعية الصاروخ.docx	palestine195.docx	folder7/palestine195.docx	1.0	437	2013-06-05	5/حزيران/2013
لا شرعية لرئيس الوزراء الفلسطيني.doc	Legitimacy.doc	أ. د. عبد الستار قاسم/47/Legitimacy.doc	1.0	463	2003-05-12	12/أيار/2003
لبنان أمام ساعة الحسم.doc	Hizballah38.doc	folder6/Hizballah38.doc	0.85	518	2010-10-28	28/تشرين أول/2010
لجنة محايدة لإدارة قطاع غزة.doc	gaza3.doc	folder/gaza3.doc	1.0	325	2005-07-16	16/تموز/2005
لدى محكمة بداية رام الله.doc	Court33.doc	old flash memory/New folder (7)/Court33.doc	1.0	728	2010-12-12	12/كانون أول/2010
لدى معزة وكيل نيابة نابلس المحترم.doc	University36.doc	folder6/University36.doc	1.0	476	2011-08-25	25/آب/2011
للضعف فلسفة.doc	weakness.doc	folder1/weakness.doc	1.0	641	2006-04-22	22/نيسان/2006
لماذا الصمت أيها الفلسطينيون.doc	Revolt1.doc	folder5/Revolt1.doc	1.0	348	2010-02-23	23/شباط/2010
لن ننتخب هؤلاء -.doc	Elections23.doc	folder1/Elections23.doc	0.85	882	2006-01-13	13/كانون ثاني/2006
لو ظهر من بيننا صلاح الدين لقتلناه.doc	Palestine221.doc	folder7/Palestine221.doc	1.0	435	2014-06-07	7/حزيران/2014
لٍ نخرس أمام النكبة.doc	Palestine60.doc	old flash memory/New folder (4)/Palestine60.doc	1.0	677	2008-05-15	15/أيار/2008
لِ يخرس نتنياهو.docx	Israel33.docx	folder6/Israel33.docx	1.0	607	2011-03-07	7/آذار/2011
ماذا تفعل إذا كنت تقود الشعب الفلسطيني.doc	arafat5.doc	D Docs/arafat5.doc	0.85	2511	2005-02-05	5/شباط/2005
ماذا ستعمل حماس؟.doc	Hamas6.doc	folder1/Hamas6.doc	0.85	742	2006-01-26	26/كانون ثاني/2006
ماذا يصنع اللواء عمر سليمان؟.doc	bayan47.doc	folder/bayan47.doc	0.85	277	2004-05-24	24/أيار/2004
مبروك الحاكم العسكري الجديد للضفة.doc	Palestine174.doc	folder6/Palestine174.doc	0.85	202	2012-06-09	9/حزيران/2012
متى سيعقل زعماء لبنان؟.doc	Lebanon9.doc	folder6/Lebanon9.doc	1.0	486	2011-07-06	6/تموز/2011
مثقفون فلسطينيون لا يحيون النكبة.doc	Mothaqaf1.doc	old flash memory/New folder (4)/Mothaqaf1.doc	0.85	3060	2008-04-26	26/نيسان/2008
محاكمة محمد بن عبد الله.doc	Muhammed2.doc	أ. د. عبد الستار قاسم/28/Muhammed2.doc	0.85	736	2005-11-09	9/تشرين ثاني/2005
محمد رشيد (خالد سلام) يتكلم.doc	rasheed.doc	folder6/rasheed.doc	1.0	403	2012-05-24	24/أيار/2012
مدد حزب الله لغزة.doc	Hizballah50.doc	gaza 10/Hizballah50.doc	1.0	871	2014-08-25	25/آب/2014
مدرسة التجديد الإسلامي.doc	Islam27.doc	folder7/Islam27.doc	1.0	928	2015-03-10	10/آذار/2015
مدير سجن أريحا يشعر بالإهانة.doc	Jericho.doc	folder/Jericho.doc	0.85	291	2005-06-09	9/حزيران/2005
مسؤولية المقاومة العراقية.doc	IraqXVII.doc	old flash memory/New folder (4)/IraqXVII.doc	1.0	844	2008-05-29	29/أيار/2008
مستقبل القضية الفلسطينية في ضوء.doc	Arabs13.doc	Arabs13.doc	1.0	2017	2011-05-15	15/أيار/2011
مستقبل المقاومة الفلسطينية.doc	Resistance11.doc	folder4/Resistance11.doc	1.0	2493	2009-03-21	21/آذار/2009
مستقبل المقاومة الفلسطينية في ضوء.doc	Arabs14.doc	folder6/Arabs14.doc	1.0	2096	2011-04-27	27/نيسان/2011
مسيرة روسيا نحو القطبية.doc	Russia1.doc	old flash memory/New folder (4)/Russia1.doc	0.85	1388	2008-10-05	5/تشرين أول/2008
مصر تلغي اتفاقية الغاز مع الصهاينة.doc	Egypt10.doc	old flash memory/New folder (7)/Egypt10.doc	0.85	196	2012-04-23	23/نيسان/2012
مصر وسوريا والسعودية اجتماعات نمطية.doc	Arabs7.doc	D Docs/Arabs7.doc	0.85	968	2003-12-08	8/كانون أول/2003
مصطلح الأراضي الفلسطينية اللئيم.doc	Palestine71.doc	old flash memory/New folder (4)/Palestine71.doc	0.85	257	2008-08-25	25/آب/2008
مع سوريا أو ضد سوريا.doc	Syria24.doc	folder7/Syria24.doc	1.0	714	2012-08-01	1/آب/2012
معادلة صاروخية جديدة.doc	Palestine172.doc	folder6/Palestine172.doc	1.0	327	2012-03-16	16/آذار/2012
معالم الحرب القادمة.doc	Victory2.doc	folder4/Victory2.doc	1.0	681	2008-01-28	28/كانون ثاني/2008
معركة غزة.doc	Gaza24.doc	folder4/Gaza24.doc	0.85	1228	2008-12-30	30/كانون أول/2008
مقاطعة البضائع الصهيونية.doc	Palestine114.doc	folder5/Palestine114.doc	1.0	1187	2010-05-25	25/أيار/2010
ملاحقة المواطنين العرب من قبل الأنظمة.doc	Bayan35.doc	D Docs/Bayan35.doc	0.85	275	2004-02-13	13/شباط/2004
ملحمة غزة.doc	Gaza31.doc	folder5/Gaza31.doc	0.85	836	2009-12-25	25/كانون أول/2009
ملف الخلاف مع الجامعة.doc	University41.doc	folder6/University41.doc	0.85	3069	2011-08-21	21/آب/2011
من أحرق سيارتي.doc	Car7.doc	folder4/Car7.doc	0.85	335	2009-01-29	29/كانون ثاني/2009
من أين قصفت إسرائيل السودان.docx	Sudan1.docx	folder4/Sudan1.docx	1.0	609	2009-03-27	27/آذار/2009
من حق الدول امتلاك القنبلة.doc	Iran6.doc	folder1/Iran6.doc	0.85	678	2006-01-23	23/كانون ثاني/2006
من طرائف الفساد الفلسطيني.doc	Corruption1.doc	folder/Corruption1.doc	1.0	582	2004-02-25	25/شباط/2004
من مآسي المؤتمرات العلمية العربية.doc	research2.doc	folder/research2.doc	0.85	638	2005-12-24	24/كانون أول/2005
مناظرة بائسة بين سني وشيعي على قناة.doc	Sunni5.doc	folder7/Sunni5.doc	1.0	603	2013-04-04	4/نيسان/2013
منظمة التحرير الفلسطينية الحالية لا.doc	PLO2[1].doc	folder1/PLO2[1].doc	0.8	397	2006-03-25	25/آذار/2006
مهلا على تركيا.doc	Tyrkey6.doc	folder5/Tyrkey6.doc	1.0	1880	2010-06-06	6/حزيران/2010
نابلس ستعود.doc	nablus.doc	folder/nablus.doc	0.8	358	2004-03-10	10/آذار/2004
ناجي علوش في ذمة الله.docx	šlloush.docx	folder7/šlloush.docx	0.85	293	2012-07-29	29/تموز/2012
نبش قبور القادة.doc	Leaders2.doc	folder4/Leaders2.doc	1.0	443	2009-03-22	22/آذار/2009
نجاد يضرب تحت الحزام.doc	Iran5.doc	folder/Iran5.doc	0.85	679	2005-12-10	10/كانون أول/2005
نحن لا نحترم نتائج الانتخابات.doc	Arabs28.doc	old flash memory/New folder (8)/Arabs28.doc	1.0	523	2013-07-05	5/تموز/2013
نحن مراهقون نتلهى.doc	Palestine7.doc	folder1/Palestine7.doc	1.0	388	2006-09-04	4/أيلول/2006
نشر موقع فراس بريس بتاريخ 20 آذار 2010 على.doc	Court16.doc	folder5/Court16.doc	0.95	488	2010-03-20	20/آذار/2010
نصر الله ووحدة المسلمين.doc	Shiites5.doc	folder6/Shiites5.doc	1.0	788	2012-02-08	8/شباط/2012
نفق عرفات.doc	arafat6.doc	D Docs/arafat6.doc	0.85	499	2003-09-09	9/أيلول/2003
نقاط ضعف المفاوض الفلسطيني في القاهرة.doc	Palestine227.doc	gaza 10/Palestine227.doc	1.0	932	2014-08-23	23/آب/2014
نكبتنا في أنفسنا.doc	Palestine61.doc	old flash memory/New folder (4)/Palestine61.doc	1.0	672	2008-05-15	15/أيار/2008
نهب أموال الشعب الفلسطيني.doc	Palestine136.doc	folder6/Palestine136.doc	0.85	321	2011-01-22	22/كانون ثاني/2011
هل جربت القضاء الفلسطيني؟.doc	Court34.doc	folder6/Court34.doc	1.0	626	2011-05-07	7/أيار/2011
هل ينشر حزب الله المذهب الشيعي؟.doc	Hizballah44.doc	folder7/Hizballah44.doc	1.0	1091	2013-06-18	18/حزيران/2013
هلع جنود إسرائيل.doc	Israel14.doc	Folder 3/Israel14.doc	1.0	353	2007-09-11	11/أيلول/2007
هنية ينقذ ماء وجوهنا.doc	Hamas32.doc	folder6/Hamas32.doc	0.85	205	2012-02-11	11/شباط/2012
والصلاة والسلام على سيد المرسلين محمد.doc	wasseyya.doc	folder/wasseyya.doc	0.8	411	2004-08-22	22/آب/2004
وثيقة الإعلام العربية.doc	Media4.doc	old flash memory/New folder (4)/Media4.doc	1.0	1508	2008-02-14	14/ شباط/ 2008
وثيقة اللاشرف الإعلامية العربية.doc	Media3.doc	old flash memory/New folder (4)/Media3.doc	1.0	759	2008-02-12	12/شباط/2008
وحدة الشعب الفلسطيني.doc	Palestine116.doc	folder5/Palestine116.doc	1.0	1375	2010-06-14	14/حزيران/2010
وحدة العرب بدل تقسيمهم.doc	Arabs25.doc	old flash memory/New folder (8)/Arabs25.doc	1.0	1375	2013-03-08	8/آذار/2013
وحدة شعب فلسطين.doc	Palestine184.doc	folder7/Palestine184.doc	1.0	1440	2012-12-01	1/كانون أول/2012
وصاح المفسد أريد إصلاحا.doc	Elections25.doc	folder1/Elections25.doc	0.85	773	2006-01-17	17/كانون ثاني/2006
وصمدت المقاومة.doc	Gaza26.doc	folder4/Gaza26.doc	0.85	810	2009-01-07	7/كانون ثاني/2009
وطن يأبى الهوان.doc	Palestine6.doc	folder1/Palestine6.doc	0.8	335	2006-09-01	1/أيلول/2006
وقف المفاوضات كالعودة إليها.doc	Palestine199.doc	folder7/Palestine199.doc	1.0	1026	2013-07-21	21/تموز/2013
يبحثون عن أسرار حزب الله.doc	Hizballah34.doc	folder5/Hizballah34.doc	0.85	936	2010-01-23	23/كانون ثاني/2010
يجب ألا نحزن على رحيل الصهاينة من غزة.doc	Bayan48.doc	folder/Bayan48.doc	0.85	263	2004-06-16	16/حزيران/2004
يجب أن ندافع عن أنفسنا.doc	Palestine109.doc	folder5/Palestine109.doc	1.0	773	2010-04-12	12/نيسان/2010
يمين إسرائيل في الحكم.docx	natenyahoo.docx	folder4/natenyahoo.docx	1.0	1242	2009-03-26	26/آذار/2009
ِحدود سياسة أوباما الخارجية.doc	America28.doc	old flash memory/New folder (6)/America28.doc	1.0	1579	2009-09-14	14/أيلول/2009
